711;712;713;714;715;716;717;718;719;721;722;723;724;725;726;727;731а;731б;732а;732б;733;734;735;736;737;738;741;742;743;752;753;754;755;761;762;763;764;765;771;772;773;774;775;776;777;778;779;781;782;783;784;785;786;787;790;791;792;793;794;795;796;797;798;799;7910;7101;7102;7103;7111;7112;7113;7114;7115
Базовый день##;Базовый день##;Базовый день##;Базовый день##;Базовый день##;Базовый день##;Базовый день##;Базовый день##;Базовый день##;Базовый день##;Базовый день##;Базовый день##;Базовый день##;Базовый день##;Базовый день##;Базовый день##;##;##;##;##;##;##;##;##;"Экономика#Киреев В.Б.#""Арктика""№ 418-419";Общая физика: лаб.практикум#Копнин С.И._Копнин С.И.#;##;##;##;##;##;##;##;Аналитическая механика#Кириллов О. Е.#241;Аналитическая механика#Кириллов О. Е.#241;Аналитическая механика#Кириллов О. Е.#241;Аналитическая механика#Кириллов О. Е.#241;Аналитическая механика#Кириллов О. Е.#241;##;##;##;##;##;##;##;##;##;##;##;##;##;##;##;##;##;##;##;##;##;##;##;##;##;##;##;Биология#Граф А.А.#;Биология#Граф А.А.#;Ин.яз.##;##;##;##;##;##
Базовый день##;Базовый день##;Базовый день##;Базовый день##;Базовый день##;Базовый день##;Базовый день##;Базовый день##;Базовый день##;Базовый день##;Базовый день##;Базовый день##;Базовый день##;Базовый день##;Базовый день##;Базовый день##;##;##;##;##;##;##;##;##;##;Общая физика: лаб.практикум#Копнин С.И._Копнин С.И.#;##;##;##;##;##;##;##;Компьютерные технологии#Шалаев В.И.#ауд.250;Компьютерные технологии#Шалаев В.И.#ауд.250;Компьютерные технологии#Шалаев В.И.#ауд.250;Аналит.мех.##210;Аналит.мех.##206;##;##;##;##;##;##;##;##;##;##;##;##;##;##;##;##;##;##;##;##;##;##;##;##;##;##;##;Биология##;Биология##;Ин.яз.##;##;##;##;##;##
Базовый день##;Базовый день##;Базовый день##;Базовый день##;Базовый день##;Базовый день##;Базовый день##;Базовый день##;Базовый день##;Базовый день##;Базовый день##;Базовый день##;Базовый день##;Базовый день##;Базовый день##;Базовый день##;##;##;##;##;##;##;##;##;Теория и технология программир.#Герцев М.Н.#320 ЛК;##;##;##;##;##;##;##;##;Общая физика: лаб.практикум##;##;Аналит.мех.##422;##;##;##;##;##;##;##;##;##;##;##;##;##;##;##;##;##;##;##;##;##;##;##;##;##;##;##;##;##;Ин.яз.##;Ин.яз.##;Дифф. ур.#Аллилуева А.И.#;##;##;##;##;##
Базовый день##;Базовый день##;Базовый день##;Базовый день##;Базовый день##;Базовый день##;Базовый день##;Базовый день##;Базовый день##;Базовый день##;Базовый день##;Базовый день##;Базовый день##;Базовый день##;Базовый день##;Базовый день##;##;##;##;##;##;##;##;##;Теория и технология программир.#Герцев М.Н.#320 ЛК;##;##;##;##;##;##;##;##;Общая физика: лаб.практикум##;Колебания и волны##417;##;Теор.вер.##206;Теор.вер.##204;##;##;##;##;##;##;##;##;##;##;##;##;##;##;##;##;##;##;##;##;##;##;##;##;##;##;##;Ин.яз.##;Ин.яз.##;Дифф. ур.##;##;##;##;##;##
Базовый день##;Базовый день##;Базовый день##;Базовый день##;Базовый день##;Базовый день##;Базовый день##;Базовый день##;Базовый день##;Базовый день##;Базовый день##;Базовый день##;Базовый день##;Базовый день##;Базовый день##;Базовый день##;##;##;##;##;##;##;##;##;Теория и технология программир.#Герцев М.Н.#320 ЛК;Теория и технология программир.#Максимов Е.С.#320 ЛК;##;##;##;##;##;##;##;##;Общая физика##417;Общая физика##419;Комп.мод-ние физ. систем##214;Основы почности##205;##;##;##;##;##;##;##;##;##;##;##;##;##;##;##;##;##;##;##;##;##;##;##;##;##;##;##;##;##;##;##;##;##;##;##
Базовый день##;Базовый день##;Базовый день##;Базовый день##;Базовый день##;Базовый день##;Базовый день##;Базовый день##;Базовый день##;Базовый день##;Базовый день##;Базовый день##;Базовый день##;Базовый день##;Базовый день##;Базовый день##;##;##;##;##;##;##;##;##;##;Теория и технология программир.#Максимов Е.С.#320 ЛК;##;##;##;##;##;##;##;Общая физика##422;Общая физика: лаб.практикум##;Колебания и волны##419;Комп.мод-ние физ. систем##214;Основы почности##205;##;##;##;##;##;##;##;##;##;##;##;##;##;##;##;##;##;##;##;##;##;##;##;##;##;##;##;Биологические макромолекулы и их функции#Лопина О.Д.#;Биологические макромолекулы и их функции#Лопина О.Д.#;##;##;##;##;##;##
Базовый день##;Базовый день##;Базовый день##;Базовый день##;Базовый день##;Базовый день##;Базовый день##;Базовый день##;Базовый день##;Базовый день##;Базовый день##;Базовый день##;Базовый день##;Базовый день##;Базовый день##;Базовый день##;##;##;##;##;##;##;##;##;##;Теория и технология программир.#Максимов Е.С.#320 ЛК;##;##;##;##;##;##;##;##;Общая физика: лаб.практикум##;##;##;##;##;##;##;##;##;##;##;##;##;##;##;##;##;##;##;##;##;##;##;##;##;##;##;##;##;##;##;##;##;##;##;##;##;##;##
Компьютерные технологии#Лунев Д.В.#Актовый зал;Компьютерные технологии#Лунев Д.В.#Актовый зал;Компьютерные технологии#Лунев Д.В.#Актовый зал;Компьютерные технологии#Лунев Д.В.#Актовый зал;Компьютерные технологии#Лунев Д.В.#Актовый зал;Компьютерные технологии#Лунев Д.В.#Актовый зал;Компьютерные технологии#Лунев Д.В.#Актовый зал;Компьютерные технологии#Лунев Д.В.#Актовый зал;##;##;##;Теор.поля#Ахмедов Э.Т.#515 ГК;Аналит.мех.#Сахаров А.В.#412 ГК;##;##;##;Ин.яз.##;Ин.яз.##;Ин.яз.##;Ин.яз.##;Ин.яз.##;Ин.яз.##;Ин.яз.##;Ин.яз.##;Ин.яз.##;Ин.яз.##;Общая физика#Клименок К.Л.#521 ГК;##;##;##;Гармон.анализ#Голованов Ю.В.#411  ГК;##;##;Колебания и волны#Cидоренко Н.В.#ауд.314;Колебания и волны#Cидоренко Н.В.#ауд.314;Колебания и волны#Cидоренко Н.В.#ауд.314;##;##;Компьютерные технологии#Лунев Д.В.#Актовый зал;Компьютерные технологии#Лунев Д.В.#Актовый зал;Компьютерные технологии#Лунев Д.В.#Актовый зал;Компьютерные технологии#Лунев Д.В.#Актовый зал;Компьютерные технологии#Лунев Д.В.#Актовый зал;Компьютерные технологии#Лунев Д.В.#Актовый зал;Компьютерные технологии#Лунев Д.В.#Актовый зал;Компьютерные технологии#Лунев Д.В.#Актовый зал;Компьютерные технологии#Лунев Д.В.#Актовый зал;Компьютерные технологии##317 ЛК;##;##;##;Компьютерные технологии##319 ЛК;##;##;Общая физика: лаб.практикум#Локшин Г.Р._Ильин А.В.#;Общая физика: лаб.практикум#Кириллов В.П._Ткаченко С.И.#;Общая физика: лаб.практикум#Никулин М.Г._Овчинников К.А.#;Общая физика: лаб.практикум#Чешев И.В._Абрамов Б.М.#;Концепции и мод.физики: лаб.практикум##;Концепции и мод.физики: лаб.практикум##;##;##;Концепции и мод.физики: лаб.практикум##;Концепции и мод.физики: лаб.практикум##;Концепции и мод.физики: лаб.практикум##;Ин.яз.##;Ин.яз.##;Общая физ.:оптика и атом.физика#Строев А.Ю.#;Общая физика#Долгих В.А.#522 ГК;Общая физика: лаб.практикум#Извекова Ю.Н._Чивилев В.И.#;Информатика#Хламов М.А.#321 ЛК;Общая физика#Бабинцев В.А.#514 ГК;Общая физика: лаб.практикум#Судаков О.А._Морозов Е.Н.#
Гармонический анализ#Голубов Б.И.#Актовый зал;Гармонический анализ#Голубов Б.И.#Актовый зал;Гармонический анализ#Голубов Б.И.#Актовый зал;Гармонический анализ#Голубов Б.И.#Актовый зал;Гармонический анализ#Голубов Б.И.#Актовый зал;Гармонический анализ#Голубов Б.И.#Актовый зал;Гармонический анализ#Голубов Б.И.#Актовый зал;Гармонический анализ#Голубов Б.И.#Актовый зал;Гармонический анализ#Голубов Б.И.#Актовый зал;Теория поля#Герштейн С.С.#123 ГК;Теория поля#Герштейн С.С.#123 ГК;Теория поля#Герштейн С.С.#123 ГК;Теория поля#Герштейн С.С.#123 ГК;Теория поля#Герштейн С.С.#123 ГК;Теория поля#Герштейн С.С.#123 ГК;Теория поля#Герштейн С.С.#123 ГК;Гармонический анализ#Петрович А.Ю.#115 КПМ;Гармонический анализ#Петрович А.Ю.#115 КПМ;Гармонический анализ#Петрович А.Ю.#115 КПМ;Гармонический анализ#Петрович А.Ю.#115 КПМ;Гармонический анализ#Петрович А.Ю.#115 КПМ;Гармонический анализ#Петрович А.Ю.#115 КПМ;Гармонический анализ#Петрович А.Ю.#115 КПМ;Гармонический анализ#Петрович А.Ю.#115 КПМ;Гармонический анализ#Петрович А.Ю.#115 КПМ;Гармонический анализ#Петрович А.Ю.#115 КПМ;Гармонический анализ#Голубов Б.И.#Актовый зал;Гармонический анализ#Голубов Б.И.#Актовый зал;Гармонический анализ#Голубов Б.И.#Актовый зал;Гармонический анализ#Петрович А.Ю.#115 КПМ;Гармонический анализ#Петрович А.Ю.#115 КПМ;Гармонический анализ#Петрович А.Ю.#115 КПМ;Гармонический анализ#Петрович А.Ю.#115 КПМ;##;##;##;##;##;Ин.яз.##;Ин.яз.##;Ин.яз.##;Ин.яз.##;Ин.яз.##;Ин.яз.##;Ин.яз.##;Ин.яз.##;Ин.яз.##;Компьютерные технологии##317 ЛК;Дифф.ур.#Шаньков В.В.#409 ГК;##;##;Компьютерные технологии##319 ЛК;##;##;Общая физика: лаб.практикум#Локшин Г.Р._Ильин А.В.#;Общая физика: лаб.практикум#Кириллов В.П._Ткаченко С.И.#;Общая физика: лаб.практикум#Никулин М.Г._Овчинников К.А.#;Общая физика: лаб.практикум#Чешев И.В._Абрамов Б.М.#;Концепции и мод.физики: лаб.практикум##;Концепции и мод.физики: лаб.практикум##;##;Теор.колец и полей##523 ГК;Концепции и мод.физики: лаб.практикум##;Концепции и мод.физики: лаб.практикум##;Концепции и мод.физики: лаб.практикум##;Общая физика: оптика##;Общая физика: оптика##;Общая физика: оптика и атом.физика##;##;Общая физика: лаб.практикум#Извекова Ю.Н._Чивилев В.И.#;Информатика#Хламов М.А.#321 ЛК;Физическая химия: лаб.практикум##;Общая физика: лаб.практикум#Судаков О.А._Морозов Е.Н.#
##;##;Гармон.анализ#Дымарский Я.М.#409  ГК;##;Общая физика#Извекова Ю.Н.#516а ГК;##;Аналит.мех.#Семендяев С.В.#411  ГК;##;##;Аналит.мех.#Батхин А.Б.#507а  ГК;Общая физика#Судаков О.А.#515 ГК;##;##;Аналит.мех.#Сахаров А.В.#416 ГК;##;##;Аналитическая механика#Амелькин Н.И.#202 НК;Аналитическая механика#Амелькин Н.И.#202 НК;Аналитическая механика#Амелькин Н.И.#202 НК;Аналитическая механика#Амелькин Н.И.#202 НК;Аналитическая механика#Амелькин Н.И.#202 НК;Аналитическая механика#Амелькин Н.И.#202 НК;Аналитическая механика#Амелькин Н.И.#202 НК;Аналитическая механика#Амелькин Н.И.#202 НК;##;Гармон.анализ#Бурцев А.А.#525 ГК;Хим. физика##532 ГК;##;Общая физика#Клименок К.Л.#521 ГК;Теория вероятностей#Булинский А.В.#113 ГК;Теория вероятностей#Булинский А.В.#113 ГК;Теория вероятностей#Булинский А.В.#113 ГК;Теория вероятностей#Булинский А.В.#113 ГК;Ин.яз.##;Ин.яз.##;Ин.яз.##;Ин.яз.##;Ин.яз.##;Мера и интеграл Лебега#Гусев Н.А.#239 НК;Мера и интеграл Лебега#Гусев Н.А.#239 НК;Мера и интеграл Лебега#Гусев Н.А.#239 НК;Мера и интеграл Лебега#Гусев Н.А.#239 НК;Мера и интеграл Лебега#Гусев Н.А.#239 НК;Мера и интеграл Лебега#Гусев Н.А.#239 НК;Мера и интеграл Лебега#Гусев Н.А.#239 НК;Мера и интеграл Лебега#Гусев Н.А.#239 НК;Мера и интеграл Лебега#Гусев Н.А.#239 НК;##;Общая физика#Долгих В.А.#522 ГК;##;Гармон.анализ#Киреенков А.А.#417 ГК;Гармон.анализ#Голованов Ю.В.#414 ГК;##;##;Дискр.стр.##413 ГК;##;##;##;##;Конц. и мд.физ.##512 ГК;Теор.колец и полей##523 ГК;Дифф.ур.#Загрядский О.А.#518 ГК;##;Гармон.ан.#Глухов И.В.#418  ГК;##;Правоведение##;Правоведение##;Правоведение##;##;Гармон.анализ#Тер-Крикоров А.М.#528 ГК;##;Физическая химия: лаб.практикум##;Общая физика##514 ГК
Дифф. ур.#Киреенков А.А.#522 ГК;Дифф.ур.#Загрядский О.А.#518 ГК;Аналит.мех.#Батхин А.Б.#507а  ГК;Лаборатория полупроводник. приборов##;##;Общая физика: лаб.практикум#Локшин Г.Р._Арсеньев А.Р.#;##;Лаборатория полупроводник. приборов##;Лаборатория полупроводник. приборов##;Ин.яз.##;Ин.яз.##;Ин.яз.##;Ин.яз.##;Ин.яз.##;Ин.яз.##;Ин.яз.##;##;##;##;##;Аналит.мех.#Амелькин Н.И.#529 ГК;##;Гармон.анализ#Петрович А.Ю.#424 ГК;Общая физика#Быков А.А.#524 ГК;##;##;Хим. физика##532 ГК;Общая физика: лаб.практикум#Никулин М.Г._Ильин А.В.#;Хим. физика##531 ГК;Теор.вер.#Булинский А.В.#409 ГК;##;Дифф.ур.#Глухов И.В.#117 ГК;##;Гармон.анализ##210;Дифф.ур.##206;Основы почности##204;##;##;Дифф.ур.#Прончева О.Г.#527 ГК;##;Дифф.ур.#Пыркова О.А.#413 ГК;Дифф.ур.#Подлипский О.К.#412  ГК;Дифф.ур.#Голубев М.О.#526  ГК;##;##;##;##;Введение в электронику##;##;##;Введение в электронику##;Аналит.мех.#Семендяев С.В.#411 ГК;Общая физика: лаб.практикум#Судаков О.А._Ткаченко С.И.#;Общая физика: лаб.практикум#Кириллов В.П._Чешев Ю.В.#;##;Гармон.ан.#Лукашов А.Л.#422 ГК;Дискр.структ.##430 ГК;Дифф.ур.#Терешин Д.А.#418 ГК;Дифф.ур.#Черняев А.П.#432 ГК;##;Дифф.ур.#Тер-Крикоров А.М.#528 ГК;##;##;##;Теор.вер.##420 ГК;Общая физика: оптика#Ситников М.Г.#;Общая физика: оптика#Ситников М.Г.#;Теория поля##;Общая физика: лаб.практикум#Долгих В.А._Бабинцев В.А.#;Общая физика#Чивилев В.И.#523 ГК;Общая физика: лаб.практикум#Дьяков Н.В._Зеленый М.Е.#;Физ.химия##530 ГК;Дифф.ур.#Голованов Ю.В.#414 ГК
##;Аналит.мех.#Федичев О.Б.#512 ГК;##;Лаборатория полупроводник. приборов##;##;Общая физика: лаб.практикум#Локшин Г.Р._Арсеньев А.Р.#;Гармон.анализ#Черняев А.П.#432  ГК;Лаборатория полупроводник. приборов##;Лаборатория полупроводник. приборов##;##;##;Гармон.анализ#Лукашов А.Л.#422 ГК;##;##;Гармон.анализ#Загрядский О.А.#524 ГК;##;Прикладные физ.-тех. и комп.методы исследований:лаб.практ.##107 ЛК;Прикладные физ.-тех. и комп.методы исследований:лаб.практ.##107 ЛК;##;Введ.в МСС (для 732 б гр.)##105 ЛК;##;Гармон.анализ#Петрович А.Ю.#424 ГК;##;##;Дифф.уравн.#Киреенков А.А.#521 ГК;##;##;Общая физика: лаб.практикум#Никулин М.Г._Ильин А.В.#;Хим. физика##531 ГК;Общая физика#Морозов Е.Н.#530 ГК;Теор.вер.#Булинский А.В.#411  ГК;##;Аналит.мех.#Ханукаев Ю.И.#511  ГК;Дифф.ур.##210;Гармон.анализ##206;Основы почности##204;Общая физика: лаб.практикум##;Общая физика##419;##;Дифф.ур.#Подлипский О.К.#412 ГК;##;##;##;Алг.и мод.выч.#Кульков А.#420 ГК;##;Дифф.ур.#Пыркова О.А.#413 ГК;Общая физика#Чивилев В.И.#529 ГК;Введение в электронику##;##;##;Введение в электронику##;##;Общая физика: лаб.практикум#Судаков О.А._Ткаченко С.И.#;Общая физика: лаб.практикум#Кириллов В.П._Чешев Ю.В.#;Ин.яз.##;Ин.яз.##;Ин.яз.##;Ин.яз.##;Ин.яз.##;Ин.яз.##;Ин.яз.##;Ин.яз.##;Ин.яз.##;Ин.яз.##;Ин.яз.##;##;##;Теория поля##;Общая физика: лаб.практикум#Долгих В.А._Бабинцев В.А.#;##;Общая физика: лаб.практикум#Дьяков Н.В._Зеленый М.Е.#;##;##
##;##;##;Лаборатория полупроводник. приборов##;##;Аналит.мех.#Федичев О.Б.#512 ГК;##;Лаборатория полупроводник. приборов##;Лаборатория полупроводник. приборов##;##;##;Гармон.анализ##422 ГК;##;##;Гармон.анализ#Загрядский О.А.#524 ГК;##;Прикладные физ.-тех. и комп.методы исследований:лаб.практ.##107 ЛК;Прикладные физ.-тех. и комп.методы исследований:лаб.практ.##107 ЛК;##;##;##;Дифф.ур.#Петрович А.Ю.#424  ГК;##;Введение в МСС##409 ГК;##;##;##;##;##;##;##;##;##;Теор.вер.##210;Теор.вер.##250;Теор.вер.##205;Общая физика##419;Общая физика: лаб.практикум##;Современные проблемы прикладной математики##202 НК;Современные проблемы прикладной математики##202 НК;Современные проблемы прикладной математики##202 НК;Современные проблемы прикладной математики##202 НК;Современные проблемы прикладной математики##202 НК;Современные проблемы прикладной математики##202 НК;Современные проблемы прикладной математики##202 НК;Современные проблемы прикладной математики##202 НК;Современные проблемы прикладной математики##202 НК;Введение в электронику##;##;##;Введение в электронику##;##;##;##;##;Аналит.мех.#Ханукаев Ю.И.#511 ГК;##;##;Дискретный анализ#Райгородский А.М.#115 КПМ;Дискретный анализ#Райгородский А.М.#115 КПМ;Дискретный анализ#Райгородский А.М.#115 КПМ;Дискретный анализ#Райгородский А.М.#115 КПМ;Дискретный анализ#Райгородский А.М.#115 КПМ;Дискретный анализ#Райгородский А.М.#115 КПМ;Дискретный анализ#Райгородский А.М.#115 КПМ;Учебная практика##;Учебная практика##;Учебная практика##;Информатика#Воронцов И.А.#706 КПМ;##;##;##;##
##;##;##;##;##;##;##;##;##;##;##;##;##;##;##;##;##;##;##;##;##;##;##;##;##;##;##;##;##;##;##;##;##;##;##;##;##;##;Современные проблемы прикладной математики##202 НК;Современные проблемы прикладной математики##202 НК;Современные проблемы прикладной математики##202 НК;Современные проблемы прикладной математики##202 НК;Современные проблемы прикладной математики##202 НК;Современные проблемы прикладной математики##202 НК;Современные проблемы прикладной математики##202 НК;Современные проблемы прикладной математики##202 НК;Современные проблемы прикладной математики##202 НК;##;##;##;##;##;##;##;##;##;##;##;##;##;##;##;##;##;##;##;##;##;Информатика#Воронцов И.А.#706 КПМ;##;##;##;##
##;##;##;##;##;##;##;##;Дифф.ур.#Голованов Ю.В.#411  ГК;Гармонический анализ#Карасёв Р.Н.#115 КПМ;Гармонический анализ#Карасёв Р.Н.#115 КПМ;Гармонический анализ#Карасёв Р.Н.#115 КПМ;Гармонический анализ#Карасёв Р.Н.#115 КПМ;Гармонический анализ#Карасёв Р.Н.#115 КПМ;Гармонический анализ#Карасёв Р.Н.#115 КПМ;Гармонический анализ#Карасёв Р.Н.#115 КПМ;Общая физика: лаб.практикум#Долгих В.А._Ситников М.Г.#;Общая физика: лаб.практикум#Долгих В.А._Ситников М.Г.#;Общая физика: лаб.практикум#Шеронов А.А._Морозов Е.Н.#;Общая физика: лаб.практикум#Шеронов А.А._Морозов Е.Н.#;Прикладные физ.-тех. и комп.методы исследований:лаб.практ.##107 ЛК;Общая физика: лаб.практикум#Овчинников А.А._Чешев Ю.В.#;Общая физика: лаб.практикум#Нухов А.К._Арсеньев А.Р.#;##;##;##;Ин.яз.##;Ин.яз.##;Ин.яз.##;Ин.яз.##;Ин.яз.##;Ин.яз.##;Ин.яз.##;Теория вероятностей#Животов С.Д.#ауд. 250;Теория вероятностей#Животов С.Д.#ауд. 250;Теория вероятностей#Животов С.Д.#ауд. 250;Теория вероятностей#Животов С.Д.#ауд. 250;Теория вероятностей#Животов С.Д.#ауд. 250;Общая физика#Лапушкин Г.И.#515 ГК;Алг.и мод.выч.#Плавин А.В.#413  ГК;##;Алг.и мод.выч.#Селиханович Д.А.#432 ГК;Алг.и мод.выч.#Иванов А.В.#432 ГК;##;##;Гармон.ан.#Агаханова Я.С.#409 ГК;Алг.и мод.выч.#Шестаков С.А.#521 ГК;##;##;Компьютерные технологии##319 ЛК;##;Общая физика#Судаков О.А.#521 ГК;Общая физика#Седельников Е.В.#526 ГК;##;Занятия в г. Москве##;Занятия в г. Москве##;Занятия в г. Москве##;Занятия в г. Москве##;Занятия в г. Москве##;Занятия в г. Москве##;Занятия в г. Москве##;Занятия в г. Москве##;Занятия в г. Москве##;Занятия в г. Москве##;Занятия в г. Москве##;Дифференциальные уравнения#Аникин А.Ю.#;Дифференциальные уравнения#Аникин А.Ю.#;Ин.яз.##;##;##;Теор.поля#Иванов М.Г.#525 ГК;Общая физика: лаб.практикум#Никулин М.Г._Чивилев В.И.#;Физическая химия: лаб.практикум##
Ин.яз.##;Ин.яз.##;Ин.яз.##;Ин.яз.##;Ин.яз.##;Ин.яз.##;Ин.яз.##;Ин.яз.##;Ин.яз.##;Гармонический анализ#Карасёв Р.Н.#115 КПМ;Гармонический анализ#Карасёв Р.Н.#115 КПМ;Гармонический анализ#Карасёв Р.Н.#115 КПМ;Гармонический анализ#Карасёв Р.Н.#115 КПМ;Гармонический анализ#Карасёв Р.Н.#115 КПМ;Гармонический анализ#Карасёв Р.Н.#115 КПМ;Гармонический анализ#Карасёв Р.Н.#115 КПМ;Общая физика: лаб.практикум#Долгих В.А._Ситников М.Г.#;Общая физика: лаб.практикум#Долгих В.А._Ситников М.Г.#;Общая физика: лаб.практикум#Шеронов А.А._Морозов Е.Н.#;Общая физика: лаб.практикум#Шеронов А.А._Морозов Е.Н.#;Прикладные физ.-тех. и комп.методы исследований:лаб.практ.##107 ЛК;Общая физика: лаб.практикум#Шеронов А.А._Морозов Е.Н.#;Общая физика: лаб.практикум#Нухов А.К._Арсеньев А.Р.#;Гармон.анализ#Агаханова Я.С.#409 ГК;Теория случайных проц.#Булинский А.В.#532 ГК;Теория случайных проц.#Булинский А.В.#532 ГК;##;Гармон.анализ#Загрядский О.А.#416 ГК;##;Гармон.анализ#Петрович А.Ю.#422  ГК;##;##;Гармон.анализ#Умнов А.Е.#418  ГК;Гармонический анализ#Ковалев В.П.#ауд. 306;Гармонический анализ#Ковалев В.П.#ауд. 306;Гармонический анализ#Ковалев В.П.#ауд. 306;Гармонический анализ#Ковалев В.П.#ауд. 306;Гармонический анализ#Ковалев В.П.#ауд. 306;Аналитическая механика#Иванов А.П.#202 НК;Аналитическая механика#Иванов А.П.#202 НК;Аналитическая механика#Иванов А.П.#202 НК;Аналитическая механика#Иванов А.П.#202 НК;Аналитическая механика#Иванов А.П.#202 НК;Аналитическая механика#Иванов А.П.#202 НК;Аналитическая механика#Иванов А.П.#202 НК;Аналитическая механика#Иванов А.П.#202 НК;Аналитическая механика#Иванов А.П.#202 НК;##;Аналит.мех.#Семендяев С.В.#413 ГК;Компьютерные технологии##319 ЛК;##;##;Аналит.мех.#Ткачев С.С.#412 ГК;##;Занятия в г. Москве##;Занятия в г. Москве##;Занятия в г. Москве##;Занятия в г. Москве##;Занятия в г. Москве##;Занятия в г. Москве##;Занятия в г. Москве##;Занятия в г. Москве##;Занятия в г. Москве##;Занятия в г. Москве##;Занятия в г. Москве##;Теория функций комплексного переменного#Толченников А.А.#;Теория функций комплексного переменного#Толченников А.А.#;Теория функций комплексного переменного#Толченников А.А.#;##;Теор.поля#Огарков С.Л.#511 ГК;##;Общая физика: лаб.практикум#Никулин М.Г._Чивилев В.И.#;Физическая химия: лаб.практикум##
Общая физика: оптика#Колдунов Л.М.#Гл.Физ.;Общая физика: оптика#Колдунов Л.М.#Гл.Физ.;Общая физика: оптика#Колдунов Л.М.#Гл.Физ.;Общая физика: оптика#Колдунов Л.М.#Гл.Физ.;Общая физика: оптика#Колдунов Л.М.#Гл.Физ.;Общая физика: оптика#Колдунов Л.М.#Гл.Физ.;Общая физика: оптика#Колдунов Л.М.#Гл.Физ.;Общая физика: оптика#Колдунов Л.М.#Гл.Физ.;Общая физика: оптика#Колдунов Л.М.#Гл.Физ.;##;Дифф.ур.#Подлипский О.К.#414  ГК;##;##;Гармон.анализ#Загрядский О.А.#432 ГК;Аналит.мех.#Сахаров А.В.#428 ГК;##;Общая физика: оптика#Колдунов Л.М.#Гл.Физ.;Общая физика: оптика#Колдунов Л.М.#Гл.Физ.;Общая физика: оптика#Колдунов Л.М.#Гл.Физ.;Общая физика: оптика#Колдунов Л.М.#Гл.Физ.;Общая физика: оптика#Колдунов Л.М.#Гл.Физ.;Общая физика: оптика#Колдунов Л.М.#Гл.Физ.;Общая физика: оптика#Колдунов Л.М.#Гл.Физ.;Общая физика: оптика#Колдунов Л.М.#Гл.Физ.;Общая физика: оптика#Колдунов Л.М.#Гл.Физ.;Общая физика: оптика#Колдунов Л.М.#Гл.Физ.;##;##;##;Дифф.ур.#Петрович А.Ю.#422 ГК;##;##;Дифф.ур.#Умнов А.Е.#418 ГК;##;##;##;##;##;##;##;##;Аналит.мех.#Семендяев С.В.#413  ГК;Общая физика#Нухов А.К.#117 ГК;##;Дифф.ур.#Голованов Ю.В.#415 ГК;##;Аналит.мех.#Ткачев С.С.#412 ГК;##;##;Дифф.ур.#Агаханова Я.С.#409 ГК;##;##;##;##;Занятия в г. Москве##;Занятия в г. Москве##;Занятия в г. Москве##;Занятия в г. Москве##;Занятия в г. Москве##;Занятия в г. Москве##;Занятия в г. Москве##;Занятия в г. Москве##;Занятия в г. Москве##;Занятия в г. Москве##;Занятия в г. Москве##;ТФКП##;ТФКП##;Общая геометрия и топология#Шафаревич А.И.#;Ин.яз.##;Ин.яз.##;Ин.яз.##;Ин.яз.##;Ин.яз.##
Микроконтроллеры#Донов Г.И.#239 НК;Микроконтроллеры#Донов Г.И.#239 НК;Микроконтроллеры#Донов Г.И.#239 НК;Микроконтроллеры#Донов Г.И.#239 НК;Микроконтроллеры#Донов Г.И.#239 НК;Микроконтроллеры#Донов Г.И.#239 НК;Микроконтроллеры#Донов Г.И.#239 НК;Микроконтроллеры#Донов Г.И.#239 НК;Микроконтроллеры#Донов Г.И.#239 НК;Общая физика: лаб.практикум#Бабинцев В.А._Лапушкин Г.И.#;Гармон.анализ#Карасев Р.Н.#420 ГК;Общая физика#Колдунов Л.М.#507а ГК;Общая физика: лаб.практикум#Виноградов С.В._Судаков О.А.#;Гармон.анализ#Загрядский О.А.#432 ГК;Дифф.ур.#Егоров А.И.#117 ГК;Общая физика: лаб.практикум#Воронов А.А._Кириллов В.П.#;##;##;##;##;##;##;##;Общая физика: лаб.практикум#Быков О.А._Долгих В.А.#;##;Теория случайных проц.#Булинский А.В.#412 ГК;##;Общая физика#Никулин М.Г.#526 ГК;Гармон.ан.#Бурцев А.А.#415 ГК;##;Общая физика: лаб.практикум#Седельников Е.В._Чивилев В.И.#;Компьютерные технологии##705 КПМ;##;Компьютерные технологии##214;Аналит.мех.##422;Общая физика: лаб.практикум##;Гармон.анализ##210;Дифф.ур.##422;##;Аналит.мех.#Семендяев С.В.#413  ГК;Алг.и мод.выч.#Гончаров М.Ю.#202 НК;##;##;##;Аналит.мех.#Иванов А.П.#529 ГК;##;##;Ин.яз.##;Ин.яз.##;Ин.яз.##;Ин.яз.##;Ин.яз.##;Ин.яз.##;Ин.яз.##;Занятия в г. Москве##;Занятия в г. Москве##;Занятия в г. Москве##;Занятия в г. Москве##;Занятия в г. Москве##;Занятия в г. Москве##;Занятия в г. Москве##;Занятия в г. Москве##;Занятия в г. Москве##;Занятия в г. Москве##;Занятия в г. Москве##;##;##;Общая геометрия и топология#Шафаревич А.И.#;"Теор.поля#Огарков С.Л.#""Арктика"" № 425";Физическая химия: лаб.практикум##;Общая физика#Ситников М.Г.#516а ГК;##;Теор.поля#Иванов М.Г.#414 ГК
##;##;##;##;##;##;##;##;##;Общая физика: лаб.практикум#Бабинцев В.А._Лапушкин Г.И.#;Гармон.анализ#Карасев Р.Н.#420 ГК;Дифф.ур.#Самарова С.С.#426  ГК;Общая физика: лаб.практикум#Виноградов С.В._Судаков О.А.#;Дифф.ур.#Загрядский О.А.#432 ГК;##;Общая физика: лаб.практикум#Воронов А.А._Кириллов В.П.#;Дифф.ур.#Егоров А.И.#117 ГК;Дифф.ур.#Егоров А.И.#117 ГК;##;##;##;Аналит.мех.#Амелькин Н.И.#524 ГК;Дифф.ур.#Петрович А.Ю.#415  ГК;Общая физика: лаб.практикум#Быков О.А._Долгих В.А.#;Теория случайных проц.#Булинский А.В.#412 ГК;Дифф.ур.#Умнов А.Е.#416  ГК;Альт курс 1 из 2: Физические основы наук о материалах#Янилкин А.В.#430 ГК;Альт курс 1 из 2: Физические основы наук о материалах#Янилкин А.В.#430 ГК;Альт курс 1 из 2: Физические основы наук о материалах#Янилкин А.В.#430 ГК;##;Общая физика: лаб.практикум#Седельников Е.В._Чивилев В.И.#;Компьютерные технологии##705 КПМ;Общая физика#Лейман В.Г.#522 ГК;Аналит.мех.##422;Компьютерные технологии##214;Общая физика: лаб.практикум##;Дифф.ур.##210;Гармон.анализ##422;Доп. главы дискретного анализа#Гордеев Э.Н.#Б.Физ.;Доп. главы дискретного анализа#Гордеев Э.Н.#Б.Физ.;Доп. главы дискретного анализа#Гордеев Э.Н.#Б.Физ.;Доп. главы дискретного анализа#Гордеев Э.Н.#Б.Физ.;Доп. главы дискретного анализа#Гордеев Э.Н.#Б.Физ.;Доп. главы дискретного анализа#Гордеев Э.Н.#Б.Физ.;Доп. главы дискретного анализа#Гордеев Э.Н.#Б.Физ.;Доп. главы дискретного анализа#Гордеев Э.Н.#Б.Физ.;Доп. главы дискретного анализа#Гордеев Э.Н.#Б.Физ.;##;##;##;##;##;##;##;Занятия в г. Москве##;Занятия в г. Москве##;Занятия в г. Москве##;Занятия в г. Москве##;Занятия в г. Москве##;Занятия в г. Москве##;Занятия в г. Москве##;Занятия в г. Москве##;Занятия в г. Москве##;Занятия в г. Москве##;Занятия в г. Москве##;Природоподобные энергет.техн.и возобновл.энергия#Фатеев В.Н.#;Природоподобные энергет.техн.и возобновл.энергия#Фатеев В.Н.#;Общая геометрия и топология#Шафаревич А.И.#;##;Физическая химия: лаб.практикум##;##;"Теор.поля#Огарков С.Л.#""Арктика"" №425";##
Введение в специальность##202 НК;Введение в специальность##202 НК;Введение в специальность##202 НК;Введение в специальность##202 НК;Введение в специальность##202 НК;Введение в специальность##202 НК;Введение в специальность##202 НК;Введение в специальность##202 НК;##;##;##;##;##;##;##;Общая физика#Воронов А.А.#507а ГК;Комп. техн.: прик. пак.##107 ЛК;Комп. техн.: прик. пак.##107 ЛК;##;##;Комп. техн.: прик. пак.##107 ЛК;Введение в МСС##522 ГК;Аналит.мех.#Амелькин Н.И.#524 ГК;##;##;##;##;##;##;##;Общая физика#Седельников Е.В.#523 ГК;##;##;Колебания и волны##422;##;Компьютерные технологии##214;##;##;Доп. главы дискретного анализа#Гордеев Э.Н.#Б.Физ.;Доп. главы дискретного анализа#Гордеев Э.Н.#Б.Физ.;Доп. главы дискретного анализа#Гордеев Э.Н.#Б.Физ.;Доп. главы дискретного анализа#Гордеев Э.Н.#Б.Физ.;Доп. главы дискретного анализа#Гордеев Э.Н.#Б.Физ.;Доп. главы дискретного анализа#Гордеев Э.Н.#Б.Физ.;Доп. главы дискретного анализа#Гордеев Э.Н.#Б.Физ.;Доп. главы дискретного анализа#Гордеев Э.Н.#Б.Физ.;Доп. главы дискретного анализа#Гордеев Э.Н.#Б.Физ.;##;Компьютерные технологии##317 ЛК;##;##;##;##;##;Занятия в г. Москве##;Занятия в г. Москве##;Занятия в г. Москве##;Занятия в г. Москве##;Занятия в г. Москве##;Занятия в г. Москве##;Занятия в г. Москве##;Занятия в г. Москве##;Занятия в г. Москве##;Занятия в г. Москве##;Занятия в г. Москве##;##;##;##;##;##;##;##;##
##;##;##;##;##;##;##;##;##;##;##;##;##;##;##;##;Комп. техн.: прик. пак.##107 ЛК;Комп. техн.: прик. пак.##107 ЛК;##;##;Комп. техн.: прик. пак.##107 ЛК;##;##;##;##;##;##;##;##;##;##;##;##;##;##;##;##;##;##;##;##;##;##;##;##;##;##;##;Компьютерные технологии##317 ЛК;##;##;##;##;##;Занятия в г. Москве##;Занятия в г. Москве##;Занятия в г. Москве##;Занятия в г. Москве##;Занятия в г. Москве##;Занятия в г. Москве##;Занятия в г. Москве##;Занятия в г. Москве##;Занятия в г. Москве##;Занятия в г. Москве##;Занятия в г. Москве##;##;##;##;##;##;##;##;##
Гармон.анализ#Филимонов Д.А.#411  ГК;Лаборатория полупроводник. приборов##;##;##;##;Лаборатория полупроводник. приборов##;##;Компьютерные технологии#Стогний П.В.#801 КПМ;##;##;##;##;##;##;##;##;Ин.яз.##;Ин.яз.##;Ин.яз.##;Ин.яз.##;Ин.яз.##;Ин.яз.##;Ин.яз.##;Ин.яз.##;Ин.яз.##;Ин.яз.##;Общая физика: лаб.практикум#Вахитов Р.Р._Филатов Ю.Н.#;Хим. физика##416 ГК;Общая физика: лаб.практикум#Чуриков Д.В._Федоров Г.Е.#;Вакуумная электроника##;Вакуумная электроника##;Общая физика: лаб.практикум#Чешев Ю.В._Смирнова О.И.#;##;Введение в аэродинамику#Ляпунов С.В.#306  ауд.;Введение в аэродинамику#Ляпунов С.В.#306  ауд.;Введение в аэродинамику#Ляпунов С.В.#306  ауд.;Введение в аэродинамику#Ляпунов С.В.#306  ауд.;Введение в аэродинамику#Ляпунов С.В.#306  ауд.;Дифференциальные уравнения#Пыркова О.А.#Актовый зал;Дифференциальные уравнения#Пыркова О.А.#Актовый зал;Дифференциальные уравнения#Пыркова О.А.#Актовый зал;Дифференциальные уравнения#Пыркова О.А.#Актовый зал;Дифференциальные уравнения#Пыркова О.А.#Актовый зал;Дифференциальные уравнения#Пыркова О.А.#Актовый зал;Дифференциальные уравнения#Пыркова О.А.#Актовый зал;Дифференциальные уравнения#Пыркова О.А.#Актовый зал;Дифференциальные уравнения#Пыркова О.А.#Актовый зал;##;##;##;##;##;##;##;##;##;Общая физ.#Лапушкин Г.И.#524 ГК;##;Гармон.ан.#Лукашов А.Л.#409 ГК;Дифф.ур.#Умнов Е.А.#424 ГК;##;##;##;Теор.вер.##514 ГК;##;Общая физика: лаб.практикум#Берюлева Н.С._Лобачев В.В.#;Общая физика: лаб.практикум#Морозов Е.Н._Шеронов А.А.#;Общая физика: лаб.практикум#Овчинников К.А._Нухов А.К.#;"Теория поля#Иванов М.Г.#""Арктика"" Поточная аудитория 4 этажа";"Теория поля#Иванов М.Г.#""Арктика"" Поточная аудитория 4 этажа";"Теория поля#Иванов М.Г.#""Арктика"" Поточная аудитория 4 этажа";"Теория поля#Иванов М.Г.#""Арктика"" Поточная аудитория 4 этажа";"Теория поля#Иванов М.Г.#""Арктика"" Поточная аудитория 4 этажа"
Общая физика#Усков В.В.#518 ГК;Лаборатория полупроводник. приборов##;##;Общая физика#Локшин Г.Р.#516а ГК;Гармон.анализ#Голубов Б.И.#411  ГК;Лаборатория полупроводник. приборов##;##;Компьютерные технологии#Стогний П.В.#801 КПМ;##;Общая физика:оптика#Петухов В.А.#Гл.Физ.;Общая физика:оптика#Петухов В.А.#Гл.Физ.;Общая физика:оптика#Петухов В.А.#Гл.Физ.;Общая физика:оптика#Петухов В.А.#Гл.Физ.;Общая физика:оптика#Петухов В.А.#Гл.Физ.;Общая физика:оптика#Петухов В.А.#Гл.Физ.;Общая физика:оптика#Петухов В.А.#Гл.Физ.;Основы рт##521 ГК;##;Основы рт##521 ГК;Введ.в МСС : гидрогазодинамика##113 ГК;Основы радиотехники#Григорьев А.А.#521 ГК;Введение в механику сплошных сред: гидрогазодинамика#Сон Э.Е.#113 ГК;Введение в механику сплошных сред: гидрогазодинамика#Сон Э.Е.#113 ГК;Введение в механику сплошных сред: гидрогазодинамика#Сон Э.Е.#113 ГК;Компьютерная матем.##527 ГК;Материаловедение#Буртелова Н.В.#105 ЛК;Общая физика: лаб.практикум#Вахитов Р.Р._Филатов Ю.Н.#;Хим. физика##416 ГК;Общая физика: лаб.практикум#Чуриков Д.В._Федоров Г.Е.#;Вакуумная электроника##;Вакуумная электроника##;Общая физика: лаб.практикум#Чешев Ю.В._Смирнова О.И.#;Теор.вер.#Булинский А.В.#409  ГК;Дифференциальные уравнения#Николаев В.С.#306 ауд;Дифференциальные уравнения#Николаев В.С.#306 ауд;Дифференциальные уравнения#Николаев В.С.#306 ауд;Дифференциальные уравнения#Николаев В.С.#306 ауд;Дифференциальные уравнения#Николаев В.С.#306 ауд;Гармон.ан.#Агаханова Я.С.#413  ГК;##;Гармон.ан.#Скубачевский А.А.#Актовый зал;##;Гармон.ан.#Голубев М.О.#524  ГК;Дифф.ур.#Пыркова О.А.#412 ГК;##;##;Гармон.анализ#Трушин В.Б.#516  ГК;Общая физика:оптика#Петухов В.А.#Гл.Физ.;Общая физика:оптика#Петухов В.А.#Гл.Физ.;Общая физика:оптика#Петухов В.А.#Гл.Физ.;Общая физика:оптика#Петухов В.А.#Гл.Физ.;Общая физика:оптика#Петухов В.А.#Гл.Физ.;Общая физика:оптика#Петухов В.А.#Гл.Физ.;Общая физика:оптика#Петухов В.А.#Гл.Физ.;Ин.яз.##;Ин.яз.##;Ин.яз.##;Ин.яз.##;Ин.яз.##;Ин.яз.##;Ин.яз.##;Ин.яз.##;Ин.яз.##;Ин.яз.##;Ин.яз.##;Общая физика: лаб.практикум#Берюлева Н.С._Лобачев В.В.#;Общая физика: лаб.практикум#Морозов Е.Н._Шеронов А.А.#;Общая физика: лаб.практикум#Овчинников К.А._Нухов А.К.#;Биоорганическая и биологическая химия#Куликов Е.Е.#202 НК;Биоорганическая и биологическая химия#Куликов Е.Е.#202 НК;Биоорганическая и биологическая химия#Куликов Е.Е.#202 НК;Биоорганическая и биологическая химия#Куликов Е.Е.#202 НК;Биоорганическая и биологическая химия#Куликов Е.Е.#202 НК
##;Лаборатория полупроводник. приборов##;##;Гармон.анализ#Шомполов И.Г.#529  ГК;Дифф.ур.#Голубов Б.И.#411 ГК;Лаборатория полупроводник. приборов##;##;##;Алгебра##409 ГК;Ин.яз.##;Ин.яз.##;Ин.яз.##;Ин.яз.##;Ин.яз.##;Ин.яз.##;Ин.яз.##;##;##;##;Введ.в МСС : гидрогазодинамика##113 ГК;##;Введение в механику сплошных сред: гидрогазодинамика#Сон Э.Е.#113 ГК;Введение в механику сплошных сред: гидрогазодинамика#Сон Э.Е.#113 ГК;Введение в механику сплошных сред: гидрогазодинамика#Сон Э.Е.#113 ГК;Компьютерная матем.##527 ГК;Материаловедение#Буртелова Н.В.#105 ЛК;Химическая физика#Разумов В.Ф.#117 ГК;Химическая физика#Разумов В.Ф.#117 ГК;Химическая физика#Разумов В.Ф.#117 ГК;##;##;##;##;##;##;##;##;##;Гармонический анализ#Бесов О.В.#Б.Физ.;Гармонический анализ#Бесов О.В.#Б.Физ.;Гармонический анализ#Бесов О.В.#Б.Физ.;Гармонический анализ#Бесов О.В.#Б.Физ.;Гармонический анализ#Бесов О.В.#Б.Физ.;Гармонический анализ#Бесов О.В.#Б.Физ.;Гармонический анализ#Бесов О.В.#Б.Физ.;Гармонический анализ#Бесов О.В.#Б.Физ.;Гармонический анализ#Бесов О.В.#Б.Физ.;Гармон.анализ#Умнов Е.А.#526 ГК;##;##;Компьютерные технологии##320 ЛК;Введение в электронику##;Дифф.ур.#Агаханова Я.С.#413 ГК;Дифф.ур#Сакбаев В.Ж.#420 ГК;Гармонический анализ#Лукашов А.Л.#Актовый зал;Гармонический анализ#Лукашов А.Л.#Актовый зал;Гармонический анализ#Лукашов А.Л.#Актовый зал;Гармонический анализ#Лукашов А.Л.#Актовый зал;Гармонический анализ#Лукашов А.Л.#Актовый зал;Гармонический анализ#Лукашов А.Л.#Актовый зал;Гармонический анализ#Лукашов А.Л.#Актовый зал;Гармонический анализ#Лукашов А.Л.#Актовый зал;Гармонический анализ#Лукашов А.Л.#Актовый зал;Гармонический анализ#Лукашов А.Л.#Актовый зал;Гармонический анализ#Лукашов А.Л.#Актовый зал;##;##;##;Гармон.анализ#Лапушански М.С.#530 ГК;Информатика#Герцев М.Н.#324б ЛК;Физическая химия: лаб.практикум##;##;##
Общая физика: лаб.практикум#Шеронов А.А._Лобачев В.В.#;Гармон.анализ#Лапушански М.С.#530 ГК;Дифф.ур.#Иванова С.В.#412  ГК;##;##;Общая физика#Вахитов Р.Р.#531 ГК;Дифф.ур.#Терешин Д.А.#418 ГК;Дифф.ур.#Агаханова Я.С.#414  ГК;Общая физика: лаб.практикум#Рыбакова А.К._Рыбакова А.К.#;Гармон.анализ#Тюленев А.И.#416 ГК;##;##;Дифф.ур.#Пыркова О.А.#413  ГК;##;Теор.поля#Дорофеенко А.В.#521 ГК;##;Лаборатория основ рт##;##;Лаборатория основ рт##;Лабораторный практикум по механике сплошных сред: гидрогазодинамика##корпус УПМ;Лаборатория основ радиотехники##;##;##;Лабораторный практикум по механике сплошных сред: гидрогазодин.##лаб. аэрофизики корпус УПМ;##;##;##;##;##;Общая физика: лаб.практикум#Морозов Е.Н._Ильин А.В.#;Дифф.ур.#Умнов Е.А.#526 ГК;Гармон.анализ#Шомполов И.Г.#529 ГК;Общая физика: лаб.практикум#Лапушкин Г.И._Нухов А.К.#;##;##;Дифф.ур.##210;Мат. логика и теория алгоритмов##204;Мат. логика и теория алгоритмов##204;Ин.яз.##;Ин.яз.##;Ин.яз.##;Ин.яз.##;Ин.яз.##;Ин.яз.##;Ин.яз.##;Ин.яз.##;Ин.яз.##;Общая физика#Чешев Ю.В.#507а ГК;Общая физика: лаб.практикум#Овчинников К.А._Жабин С.Н.#;Общая физика: лаб.практикум#Гавриков А.В._Нозик А.А.#;Компьютерные технологии##320 ЛК;Введение в электронику##;Компьютерные технологии##321 ЛК;Компьютерные технологии##324а ЛК;Дискретные структуры#Дайняк А.Б.#113 ГК;Дискретные структуры#Дайняк А.Б.#113 ГК;Дискретные структуры#Дайняк А.Б.#113 ГК;Дискретные структуры#Дайняк А.Б.#113 ГК;Концепции и модели физики. Механика#Гуденко А.В#Гл.Физ.;Концепции и модели физики. Механика#Гуденко А.В#Гл.Физ.;Концепции и модели физики. Механика#Гуденко А.В#Гл.Физ.;Концепции и модели физики. Механика#Гуденко А.В#Гл.Физ.;Концепции и модели физики. Механика#Гуденко А.В#Гл.Физ.;Концепции и модели физики. Механика#Гуденко А.В#Гл.Физ.;Концепции и модели физики. Механика#Гуденко А.В#Гл.Физ.;##;##;##;##;Информатика#Герцев М.Н.#324б ЛК;Физическая химия: лаб.практикум##;Дифф.ур.#Сакбаев В.Ж.#420 ГК;Информатика#Кучин А.И.#702 КПМ
Общая физика: лаб.практикум#Шеронов А.А._Лобачев В.В.#;Общая физика#Бабинцев В.А.#513 ГК;Лаборатория полупроводник. приборов##;##;Лаборатория полупроводник. приборов##;Гармон.анализ#Трушин В.Б.#516  ГК;Лаборатория полупроводник. приборов##;Гармон.анализ#Лапушански М.С.#530 ГК;Общая физика: лаб.практикум#Рыбакова А.К._Рыбакова А.К.#;Гармон.анализ#Тюленев А.И.#416 ГК;Теор.поля#Дорофеенко А.В.#514 ГК;##;Гармон.анализ#Тюленев А.И.#416 ГК;##;##;##;Лаборатория основ рт##;##;Лаборатория основ рт##;Лабораторный практикум по механике сплошных сред: гидрогазодинамика##корпус УПМ;Лаборатория основ радиотехники##;##;Прикладные физ.-тех. и комп.методы исследований:лаб.практ.##107 ЛК;Лабораторный практикум по механике сплошных сред: гидрогазодин.##лаб. аэрофизики корпус УПМ;##;##;Объектно-ориентированное программир.#Макаров И.С.#802 КПМ;Объектно-ориентированное программир.#Михалева А.Д.#320 ЛК;Объектно-ориентированное программир.##804 КПМ;Общая физика: лаб.практикум#Морозов Е.Н._Ильин А.В.#;##;Теор.вер.#Булинский А.В.#412  ГК;Общая физика: лаб.практикум#Лапушкин Г.И._Нухов А.К.#;Основы почности##204;Основы почности##205;Гармон.анализ##210;##;Мат. логика и теория алгоритмов##204;##;##;##;##;##;##;Компьютерные технологии#Чуканова О.В.#801 КПМ;Общая физика#Локшин Г.Р.#524 ГК;##;##;Общая физика: лаб.практикум#Овчинников К.А._Жабин С.Н.#;Общая физика: лаб.практикум#Гавриков А.В._Нозик А.А.#;Дифф.ур.#Егоров А.И.#531 ГК;Введение в электронику##;Компьютерные технологии##321 ЛК;Компьютерные технологии##324а ЛК;##;##;##;Дискр.стр.##411 ГК;##;##;##;##;##;##;##;##;##;##;Физическая химия: лаб.практикум##;##;##;##;Информатика#Кучин А.И.#702 КПМ
Компьютерные технологии#Лунев Д.В.#705 КПМ;##;Лаборатория полупроводник. приборов##;##;Лаборатория полупроводник. приборов##;##;Лаборатория полупроводник. приборов##;##;Гармон.анализ#Трушин В.Б.#516  ГК;##;##;##;Гармон.анализ#Тюленев А.И.#416 ГК;##;##;##;##;##;##;Лабораторный практикум по механике сплошных сред: гидрогазодинамика##корпус УПМ;##;##;Прикладные физ.-тех. и комп.методы исследований:лаб.практ.##107 ЛК;Лабораторный практикум по механике сплошных сред: гидрогазодин.##лаб. аэрофизики корпус УПМ;##;##;Объектно-ориентированное программир.#Макаров И.С.#802 КПМ;Объектно-ориентированное программир.#Михалева А.Д.#320 ЛК;Объектно-ориентированное программир.##804 КПМ;##;Компьютерные технологии#Пудгородский Ю.А.#706 КПМ;Вакуумная электроника##;Вакуумная электроника##;Основы почности##204;Основы почности##205;##;Мат. логика и теория алгоритмов##204;##;##;##;##;##;Компьютерные технологии#Овсянникова Т.В.#702 КПМ;Гармон.анализ#Ждановский И.Ю.#514 ГК;Компьютерные технологии#Чуканова О.В.#801 КПМ;Алг.и мод.выч.#Горбунов Э.А.#411 ГК;##;##;##;Общая физика#Гавриков А.В.#532 ГК;##;##;##;##;Общая физ.#Лапушкин Г.И.#528 ГК;##;##;##;Теория вероятностей#Жуковский М.Е.#239 НК;Теория вероятностей#Жуковский М.Е.#239 НК;Теория вероятностей#Жуковский М.Е.#239 НК;Теория вероятностей#Жуковский М.Е.#239 НК;Теория вероятностей#Жуковский М.Е.#239 НК;Теория вероятностей#Жуковский М.Е.#239 НК;Теория вероятностей#Жуковский М.Е.#239 НК;##;##;##;Физическая химия: лаб.практикум##;Физ.химия##412 ГК;##;Информатика#Юдаев М.Д.#321 ЛК;##
Компьютерные технологии#Лунев Д.В.#705 КПМ;##;Лаборатория полупроводник. приборов##;##;Лаборатория полупроводник. приборов##;##;Лаборатория полупроводник. приборов##;##;##;##;##;##;##;##;##;##;##;##;##;##;##;##;##;##;##;##;##;##;##;##;Компьютерные технологии#Пудгородский Ю.А.#706 КПМ;Вакуумная электроника##;Вакуумная электроника##;##;##;##;##;##;##;##;##;##;Компьютерные технологии#Овсянникова Т.В.#702 КПМ;##;##;##;##;##;##;##;##;##;##;##;##;##;##;##;##;##;##;##;##;##;##;##;##;##;##;##;##;Информатика#Юдаев М.Д.#321 ЛК;##
##;##;##;Компьютерные технологии#Пудгородский Ю.А.#802 КПМ;Компьютерные технологии#Овчинников В.А.#701 КПМ;Дифф.ур.#Бишаев А.М.#411 ГК;Компьютерные технологии#Миряха В.А.#706 КПМ;##;##;##;Общая физика: лаб.практикум#Коротеев Г.А._Никулин М.Г.#;##;##;Общая физика: лаб.практикум#Александров Д.А._Кобякин А.С.#;##;##;##;##;##;##;##;Прикладные физ.-тех. и комп.методы исследований:лаб.практ.##107 ЛК;Общая физика#Усков В.В.#531 ГК;##;Общая физика: лаб.практикум#Копнин С.И._Копнин С.И.#;Занятия В РАНХиГС##;Альт.курс 1 из 2: Экология#Бондаренко П.В.#430 ГК;Альт.курс 1 из 2: Экология#Бондаренко П.В.#430 ГК;Альт.курс 1 из 2: Экология#Бондаренко П.В.#430 ГК;##;##;##;##;Общая физика: оптика#Стасенко А.Л._Федоров А.В.#ауд.  314;Общая физика: оптика#Стасенко А.Л._Федоров А.В.#ауд.  314;Общая физика: оптика#Стасенко А.Л._Федоров А.В.#ауд.  314;##;##;Общая физика: лаб.практикум#Минаков Д.В._Миславский В.В.#;##;##;Компьютерные технологии#Красильников Н.И.#806 КПМ;Аналит.мех.#Ханукаев Ю.И.#417 ГК;##;Общая физика: лаб.практикум#Лобачев В.В._Жуков С.С#;##;Общая физика: лаб.практикум#Зеленый М.Е._Овчиннииков К.А.#;Гармонический анализ#Сакбаев В.Ж.#202 НК;Гармонический анализ#Сакбаев В.Ж.#202 НК;Гармонический анализ#Сакбаев В.Ж.#202 НК;Гармонический анализ#Сакбаев В.Ж.#202 НК;Гармонический анализ#Сакбаев В.Ж.#202 НК;Гармонический анализ#Сакбаев В.Ж.#202 НК;Гармонический анализ#Сакбаев В.Ж.#202 НК;##;Общая физ.#Баженов С.Л.#524 ГК;Гармон.ан.#Тумайкин И.Н.#422  ГК;##;Концепции и мод.физ.##514 ГК;##;Теор.вероятност.##523 ГК;Конц. и мд.физ.##511 ГК;Гармон.ан.#Глухов И.В.#428  ГК;##;Гармон.ан.#Козицин И.В.#529 ГК;Аналитическая механика#Казаков К.А.#;Аналитическая механика#Казаков К.А.#;Комплексный анализ##;Гармонический анализ#Сакбаев В.Ж.#202 НК;Гармонический анализ#Сакбаев В.Ж.#202 НК;Гармонический анализ#Сакбаев В.Ж.#202 НК;Гармонический анализ#Сакбаев В.Ж.#202 НК;Гармонический анализ#Сакбаев В.Ж.#202 НК
Аналит.мех.#Соловьев А.А.#416  ГК;##;Компьютерные технологии#Муратов М.В.#705 КПМ;Компьютерные технологии#Пудгородский Ю.А.#802 КПМ;Компьютерные технологии#Овчинников В.А.#701 КПМ;Компьютерные технологии#Чуканова О.В.#801 КПМ;Компьютерные технологии#Миряха В.А.#706 КПМ;Общая физика#Кириллов В.П.#524 ГК;Сравнительный анализ языков программир.#Краснов М.М.#804 КПМ;"Дифф.ур.#Лапушански М.С.#Арктика""№ 418-419";Общая физика: лаб.практикум#Коротеев Г.А._Никулин М.Г.#;Аналит.мех.#Сидоренко В.В.#413 ГК;Общая физика#Виноградов С.В.#530 ГК;Общая физика: лаб.практикум#Александров Д.А._Кобякин А.С.#;Общая физика#Мейлохов Е.З.#523 ГК;Теор.поля#Крайнов В.П.#522 ГК;Аналит.мех.#Козьминых В.А.#412 ГК;Аналит.мех.#Козьминых В.А.#412 ГК;Аналит.мех.#Иванов Д.С.#414 ГК;Аналит.мех.#Иванов Д.С.#414 ГК;Дифф.ур.#Глухов И.В.#428 ГК;Прикладные физ.-тех. и комп.методы исследований:лаб.практ.##107 ЛК;Введение в МСС##211 ГК;##;Общая физика: лаб.практикум#Копнин С.И._Копнин С.И.#;Занятия В РАНХиГС##;Гармон.анализ#Бишаев А.М.#411 ГК;##;Аналит.мех#Синев А.Н.#419 ГК;##;##;##;##;##;##;##;##;##;Общая физика: лаб.практикум#Минаков Д.В._Миславский В.В.#;Общая физика#Алескеров И.А.#514 ГК;Аналит.мех.#Маштаков Я.В.#415 ГК;Компьютерные технологии#Красильников Н.И.#806 КПМ;##;Аналит.мех.#Ханукаев Ю.И.#417 ГК;Общая физика: лаб.практикум#Лобачев В.В._Жуков С.С#;##;Общая физика: лаб.практикум#Зеленый М.Е._Овчиннииков К.А.#;##;##;Гармон.анализ#Ждановский И.Ю.#418 ГК;##;##;##;Гармон.анализ#Сакбаев В.Ж.#409 ГК;Теория вероятностей#Родионов И.В.#117 ГК;Теория вероятностей#Родионов И.В.#117 ГК;Теория вероятностей#Родионов И.В.#117 ГК;Теория вероятностей#Родионов И.В.#117 ГК;Теор.вер.##520 ГК;Гармон.анализ#Тумайкин И.Н.#422 ГК;##;##;##;Дифф.ур.#Тер-Крикоров А.М.#531 ГК;##;##;##;Комплексный анализ##;Информатика#Хирьянов Т. Ф.#202 НК;Информатика#Хирьянов Т. Ф.#202 НК;Информатика#Хирьянов Т. Ф.#202 НК;Информатика#Хирьянов Т. Ф.#202 НК;Информатика#Хирьянов Т. Ф.#202 НК
##;##;Компьютерные технологии#Муратов М.В.#705 КПМ;##;Аналит.мех.#Иванов Д.С.#414 ГК;Компьютерные технологии#Чуканова О.В.#801 КПМ;Общая физика#Виноградов С.В.#529 ГК;##;Общая физика#Рыбакова А.А.#432 ГК;Аналитическая механика#Маркеев А.П.#Акт.зал;Аналитическая механика#Маркеев А.П.#Акт.зал;Аналитическая механика#Маркеев А.П.#Акт.зал;Аналитическая механика#Маркеев А.П.#Акт.зал;Аналитическая механика#Маркеев А.П.#Акт.зал;Аналитическая механика#Маркеев А.П.#Акт.зал;Аналитическая механика#Маркеев А.П.#Акт.зал;Гармон.анализ#Дымарский Я.М.#413 ГК;Гармон.анализ#Дымарский Я.М.#413 ГК;##;##;##;##;##;Аналит.мех.#Павловский В.Е.#419 ГК;"Гармон.анализ#Бурцев А.А.#""Артика"" №424";Занятия В РАНХиГС##;Аналитическая механика#Муницына М.А.#202 НК;Аналитическая механика#Муницына М.А.#202 НК;Аналитическая механика#Муницына М.А.#202 НК;Аналитическая механика#Муницына М.А.#202 НК;Аналитическая механика#Муницына М.А.#202 НК;Аналитическая механика#Муницына М.А.#202 НК;Аналитическая механика#Муницына М.А.#202 НК;##;Ин.яз.##;Ин.яз.##;Ин.яз.##;Ин.яз.##;##;##;##;##;##;##;##;Аналит.мех.#Маштаков Я.В.#415 ГК;##;Аналитическая механика#Холостова О.В.#239 НК;Аналитическая механика#Холостова О.В.#239 НК;Аналитическая механика#Холостова О.В.#239 НК;Аналитическая механика#Холостова О.В.#239 НК;Аналитическая механика#Холостова О.В.#239 НК;Аналитическая механика#Холостова О.В.#239 НК;Аналитическая механика#Холостова О.В.#239 НК;Аналитическая механика#Холостова О.В.#239 НК;Аналитическая механика#Холостова О.В.#239 НК;Аналитическая механика#Холостова О.В.#239 НК;Аналитическая механика#Холостова О.В.#239 НК;Теория колец и полей#Ильинский Д.Г.#115 КПМ;Теория колец и полей#Ильинский Д.Г.#115 КПМ;Теория колец и полей#Ильинский Д.Г.#115 КПМ;Теория колец и полей#Ильинский Д.Г.#115 КПМ;Теория колец и полей#Ильинский Д.Г.#115 КПМ;Теория колец и полей#Ильинский Д.Г.#115 КПМ;Теория колец и полей#Ильинский Д.Г.#115 КПМ;Аналитическая механика##;Дифф. ур.##;Операционной системы UNIX##;Дифф.ур.#Козицин И.В.#530 ГК;"Дифф.ур.#Лапушански М.С.#""Арктика""№ 418-419";Гармон.анализ#Ждановский И.Ю.#426 ГК;Гармон.анализ#Сакбаев В.Ж.#409 ГК;Гармон.анализ#Тер-Крикоров А.М.#531 ГК
Дифференциальные уравнения#Бишаев А.М.#Б.Физ.;Дифференциальные уравнения#Бишаев А.М.#Б.Физ.;Дифференциальные уравнения#Бишаев А.М.#Б.Физ.;Дифференциальные уравнения#Бишаев А.М.#Б.Физ.;Дифференциальные уравнения#Бишаев А.М.#Б.Физ.;Дифференциальные уравнения#Бишаев А.М.#Б.Физ.;Дифференциальные уравнения#Бишаев А.М.#Б.Физ.;Дифференциальные уравнения#Бишаев А.М.#Б.Физ.;##;##;##;##;##;##;##;##;##;##;##;##;Общая физика: лаб.практикум#Виноградов С.В._Овчинников К.А.#;##;##;##;##;Занятия В РАНХиГС##;##;Дифф.ур.#Бишаев А.М.#420 ГК;##;Компьютерные технологии#Муратов М.В.#705 КПМ;##;##;Компьютерные технологии#Петров Д.И.#706 КПМ;Ин.яз.##;##;##;Основы почности##204;Комп.мод-ние физ. систем##214;Аналит.мех.#Кузьминых В.А.#419 ГК;Гармон.ан.#Молчанов Е.Г.#411  ГК;Общая физика: лаб.практикум#Баженов С.Л._Миславский В.В.#;Общая физика: лаб.практикум#Минаков Д.В._Алескеров И.А.#;##;##;##;Общая физика: лаб.практикум#Лобачев В.В._Жуков С.С.#;##;Аналит.мех.#Соловьев А.А.#422 ГК;##;Аналит.мех.#Холостова О.В.#528 ГК;Общая физика: лаб.практикум#Мейлихов Е.З._Кобякин А.С.#;Общая физика: лаб.практикум#Кириллов В.П._Урлович А.С.#;Гармон.анализ#Дубинская В.Ю.#531 ГК;Аналит.мех.#Павловский В.Е.#424 ГК;Гармон.ан.#Козицин И.В.#530 ГК;##;Аналит.мех.#Синев А.Н.#426  ГК;Теор.вер.##414 ГК;##;##;Концепции и мод.физики: лаб.практикум##;Концепции и мод.физики: лаб.практикум##;АКОС#Яковлев В.В.#320 ЛК;##;Дифф.ур.#Умнов Е.А.#509 ГК;Дифф. ур.##;Аналитическая механика##;Операционной системы UNIX##;##;##;##;##;##
##;Компьютерные технологии#Красильников Н.И.#806 КПМ;Общая физика#Арсеньев А.Р.#530 ГК;Дифф.ур.#Бишаев А.М.#420 ГК;##;##;##;Аналит.мех.#Фомичев А.В.#409  ГК;##;Дифференциальные уравнения#Семенов А.Ю.#202 НК;Дифференциальные уравнения#Семенов А.Ю.#202 НК;Дифференциальные уравнения#Семенов А.Ю.#202 НК;Дифференциальные уравнения#Семенов А.Ю.#202 НК;Дифференциальные уравнения#Семенов А.Ю.#202 НК;Дифференциальные уравнения#Семенов А.Ю.#202 НК;Дифференциальные уравнения#Семенов А.Ю.#202 НК;##;##;##;##;Общая физика: лаб.практикум#Виноградов С.В._Овчинников К.А.#;Лабораторный практикум по механике сплошных сред: гидрогазодин.##лаб. аэрофизики корпус УПМ;Лабораторный практикум по механике сплошных сред: гидрогазодин.##лаб. аэрофизики корпус УПМ;##;Материаловедение#Кузьменко В.М.#422 ГК;Занятия В РАНХиГС##;Аналит.мех#Федичев О.Б.#415 ГК;##;##;Компьютерные технологии#Муратов М.В.#705 КПМ;##;Аналит.мех.#Муницына М.А.#414 ГК;Компьютерные технологии#Петров Д.И.#706 КПМ;##;##;##;Основы почности##204;Комп.мод-ние физ. систем##214;Компьютерные технологии#Бабичев С.Л.#801 КПМ;Компьютерные технологии#Кулиев Р.С.#321 ЛК;Общая физика: лаб.практикум#Баженов С.Л._Миславский В.В.#;Общая физика: лаб.практикум#Минаков Д.В._Алескеров И.А.#;##;Общая физика#Коротеев Г.А.#516а ГК;Гармон.анализ#Молчанов Е.Г.#411 ГК;Общая физика: лаб.практикум#Лобачев В.В._Жуков С.С.#;Компьютерные технологии#Шумилин А.А.#702 КПМ;##;Введение в электронику##;##;Общая физика: лаб.практикум#Мейлихов Е.З._Кобякин А.С.#;Общая физика: лаб.практикум#Кириллов В.П._Урлович А.С.#;##;##;Аналит.мех      .#Кузьминых В.А.#424  ГК;##;##;Аналит.мех.#Синев А.Н.#426  ГК;АКОС#Яковлев В.В.#320 ЛК;##;Концепции и мод.физики: лаб.практикум##;Концепции и мод.физики: лаб.практикум##;Теор.ипракт.многопоточ.синхр.#Гольцова#317 ЛК;Концепции и мод.физ.##528 ГК;Теор.колец и полей##525 ГК;Программные интерфейсы операционной системы UNIX##;Программные интерфейсы операционной системы UNIX##;##;##;##;##;##;##
##;Компьютерные технологии#Красильников Н.И.#806 КПМ;##;Аналит.мех.#Федичев О.Б.#415  ГК;##;##;##;##;##;##;##;##;##;Общая физика#Александров Д.А.#527 ГК;##;Гармон.анализ#Савелов М.П.#426 ГК;##;##;Прикладные физ.-тех. и комп.методы исследований:лаб.практ.##107 ЛК;Прикладные физ.-тех. и комп.методы исследований:лаб.практ.##107 ЛК;##;Лабораторный практикум по механике сплошных сред: гидрогазодин.##лаб. аэрофизики корпус УПМ;Лабораторный практикум по механике сплошных сред: гидрогазодин.##лаб. аэрофизики корпус УПМ;Дифф.ур.#Лапушански М.С.#424 ГК;Материаловедение#Кузьменко В.М.#422 ГК;Занятия В РАНХиГС##;Математическая статистика#Райгородский А.М.#115 КПМ;Математическая статистика#Райгородский А.М.#115 КПМ;Математическая статистика#Райгородский А.М.#115 КПМ;##;##;##;##;##;##;##;##;##;Компьютерные технологии#Бабичев С.Л.#801 КПМ;Компьютерные технологии#Кулиев Р.С.#321 ЛК;Компьютерные технологии#Скубачевский А.А.#320 ЛК;##;##;Компьютерные технологии#Гутник С.А.#317 ЛК;##;##;Компьютерные технологии#Шумилин А.А.#702 КПМ;Дифф.ур.#Молчанов Е.Г.#411 ГК;Введение в электронику##;##;Общая физика#Кобякин А.С.#523 ГК;##;##;Общая физика#Курлович А.С.#528 ГК;##;#Плахтинский В.О.#;##;##;Архитектура компьютеров и операционные системы#Яковлев В.В.#202 НК;Архитектура компьютеров и операционные системы#Яковлев В.В.#202 НК;Архитектура компьютеров и операционные системы#Яковлев В.В.#202 НК;Архитектура компьютеров и операционные системы#Яковлев В.В.#202 НК;Архитектура компьютеров и операционные системы#Яковлев В.В.#202 НК;Архитектура компьютеров и операционные системы#Яковлев В.В.#202 НК;Архитектура компьютеров и операционные системы#Яковлев В.В.#202 НК;Программные интерфейсы операционной системы UNIX##;Программные интерфейсы операционной системы UNIX##;##;Математическая статистика#Райгородский А.М.#115 КПМ;Математическая статистика#Райгородский А.М.#115 КПМ;Математическая статистика#Райгородский А.М.#115 КПМ;Математическая статистика#Райгородский А.М.#115 КПМ;Математическая статистика#Райгородский А.М.#115 КПМ
##;##;##;##;##;##;##;##;##;##;##;##;##;##;##;Гармон.анализ#Савелов М.П.#426 ГК;##;##;Прикладные физ.-тех. и комп.методы исследований:лаб.практ.##107 ЛК;Прикладные физ.-тех. и комп.методы исследований:лаб.практ.##107 ЛК;##;Лабораторный практикум по механике сплошных сред: гидрогазодин.##лаб. аэрофизики корпус УПМ;Лабораторный практикум по механике сплошных сред: гидрогазодин.##лаб. аэрофизики корпус УПМ;##;##;Занятия В РАНХиГС##;##;##;##;##;##;##;##;##;##;##;##;##;Алг.и мод.выч.#Останин П.А.#432  ГК;##;Компьютерные технологии#Скубачевский А.А.#320 ЛК;##;##;Компьютерные технологии#Гутник С.А.#317 ЛК;##;##;##;##;Введение в электронику##;##;##;##;##;##;##;##;##;АКОС#Яковлев В.В.#321 ЛК;##;##;##;##;##;##;##;##;##;##;##;##;##;##;##
Лаборатория полупроводник. приборов##;Общая физика: лаб.практикум#Кубышкин А.В._Казимиров А.А#;Общая физика: лаб.практикум#Коренев Д.П._Дьячков Н.В.#;Общая физика: лаб.практикум#Алескеров И.А._Жабин С.Н.#;Общая физика: лаб.практикум#Коротеев Г.А._Смирнова О.И.#;##;Общая физика: лаб.практикум#Виноградов С.В._Филатов Ю.Н.#;Общая физика: лаб.практикум#Арсеньев А.Р._Копнин С.И.#;Теория и технология программир.#Казаков А.О.#320 ЛК;Общая физика#Кленов С.Л.#513 ГК;##;##;##;Теор.поля#Гозман М.И.#528 ГК;##;Аналит.мех.#Соколов С.В.#414 ГК;##;##;Гармон.анализ#Бишаев А.М.#409  ГК;Гармон.анализ#Бишаев А.М.#409  ГК;##;##;##;Прикладные физ.-тех. и комп.методы исследований:лаб.практ.##107 ЛК;##;##;##;##;##;##;##;Общая физика#Кобякин А.С.#512 ГК;##;##;##;##;##;##;##;##;Общая физика#Миславский В.В.#514 ГК;##;##;##;Алг.и мод.выч.#Тарасов С.П.#415 ГК;##;##;##;##;##;Аналит.мех.#Зараменских#413 ГК;##;##;##;##;Дифф.ур.#Семенов А.Ю.#518 ГК;Дифф.ур.#Дубинская В.Ю.#426 ГК;##;Теория колец и полей.##420 ГК;##;Концепции и мод.физ.##515 ГК;Гармон.анализ#Андреев М.Ю.#Арктика» №424;##;##;Концепции и мод.физ.##523 ГК;##;##;Применение програм-х комплексов к решению задач##;##;##;##;##;##
Лаборатория полупроводник. приборов##;Общая физика: лаб.практикум#Кубышкин А.В._Казимиров А.А#;Общая физика: лаб.практикум#Коренев Д.П._Дьячков Н.В.#;Общая физика: лаб.практикум#Алескеров И.А._Жабин С.Н.#;Общая физика: лаб.практикум#Коротеев Г.А._Смирнова О.И.#;##;Общая физика: лаб.практикум#Виноградов С.В._Филатов Ю.Н.#;Общая физика: лаб.практикум#Арсеньев А.Р._Копнин С.И.#;Теория и технология программир.#Казаков А.О.#320 ЛК;##;Аналит.мех.#Соколов С.В.#414 ГК;##;##;##;##;##;Общая физика#Миславский В.В.#527 ГК;Общая физика#Миславский В.В.#527 ГК;Дифф.ур.#Семенов А.Ю.#518 ГК;Дифф.ур.#Семенов А.Ю.#518 ГК;Гармон.анализ#Умнов А.Е.#411 ГК;##;##;##;##;Компьютерная матем.##422 ГК;##;Аналит.мех#Муницына М.А.#516 ГК;Дифф.ур.#Лизунов А.Ю.#532 ГК;##;Аналит.мех.#Зараменских#413 ГК;##;##;##;##;##;##;##;Общая физика: оптика#Аланакян Ю.Р.#Гл.Физ.;Общая физика: оптика#Аланакян Ю.Р.#Гл.Физ.;Общая физика: оптика#Аланакян Ю.Р.#Гл.Физ.;Общая физика: оптика#Аланакян Ю.Р.#Гл.Физ.;Общая физика: оптика#Аланакян Ю.Р.#Гл.Физ.;Общая физика: оптика#Аланакян Ю.Р.#Гл.Физ.;Общая физика: оптика#Аланакян Ю.Р.#Гл.Физ.;Общая физика: оптика#Аланакян Ю.Р.#Гл.Физ.;Общая физика: оптика#Аланакян Ю.Р.#Гл.Физ.;Ин.яз.##;Ин.яз.##;Ин.яз.##;Ин.яз.##;Ин.яз.##;Ин.яз.##;Ин.яз.##;Общая физика:оптика#Аланакян Ю.Р.#Гл. Физ.;Общая физика:оптика#Аланакян Ю.Р.#Гл. Физ.;Общая физика:оптика#Аланакян Ю.Р.#Гл. Физ.;Общая физика:оптика#Аланакян Ю.Р.#Гл. Физ.;##;#Казаков К.#;"Гармон.анализ#Андреев М.Ю.#Арктика"" №424";Теор.ипракт.многопоточ.синхр.##317 ЛК;Концепции и мод.физ.##523 ГК;##;##;##;##;Применение програм-х комплексов к решению задач##;Физическая химия##Б.Физ.;Физическая химия##Б.Физ.;Физическая химия##Б.Физ.;Физическая химия##Б.Физ.;Физическая химия##Б.Физ.
Лаборатория полупроводник. приборов##;##;##;##;##;##;##;##;##;Теор.поля#Гозман М.И.#419 ГК;##;##;Теор.поля#Андрианов Е.С.#413 ГК;##;##;Дифф.ур.#Семенов А.Ю.#516  ГК;##;##;##;##;Общая физика#Кленов С.Л.#515 ГК;Общая физика#Арсеньев А.Р.#523 ГК;##;Прикладные физ.-тех. и комп.методы исследований:лаб.практ.##107 ЛК;Общая физика#Копнин С.И.#532 ГК;Общая физика#Копнин С.И.#532 ГК;Ин.яз.##;Ин.яз.##;Ин.яз.##;Ин.яз.##;Ин.яз.##;Ин.яз.##;Ин.яз.##;##;##;##;##;##;Алгоритмы и модели вычислений#Тарасов С.П.#239 НК;Алгоритмы и модели вычислений#Тарасов С.П.#239 НК;Алгоритмы и модели вычислений#Тарасов С.П.#239 НК;Алгоритмы и модели вычислений#Тарасов С.П.#239 НК;Алгоритмы и модели вычислений#Тарасов С.П.#239 НК;Алгоритмы и модели вычислений#Тарасов С.П.#239 НК;Алгоритмы и модели вычислений#Тарасов С.П.#239 НК;Алгоритмы и модели вычислений#Тарасов С.П.#239 НК;Алгоритмы и модели вычислений#Тарасов С.П.#239 НК;Дифференциальные уравнения#Свирщевский С.Р.#115 КПМ;Дифференциальные уравнения#Свирщевский С.Р.#115 КПМ;Дифференциальные уравнения#Свирщевский С.Р.#115 КПМ;Дифференциальные уравнения#Свирщевский С.Р.#115 КПМ;Дифференциальные уравнения#Свирщевский С.Р.#115 КПМ;Дифференциальные уравнения#Свирщевский С.Р.#115 КПМ;Дифференциальные уравнения#Свирщевский С.Р.#115 КПМ;"Теория и практика многопоточной синхронизации#Липовский Р.#""Артика"" Поточная аудитория 4 этажа";"Теория и практика многопоточной синхронизации#Липовский Р.#""Артика"" Поточная аудитория 4 этажа";"Теория и практика многопоточной синхронизации#Липовский Р.#""Артика"" Поточная аудитория 4 этажа";"Теория и практика многопоточной синхронизации#Липовский Р.#""Артика"" Поточная аудитория 4 этажа";"Теория и практика многопоточной синхронизации#Липовский Р.#""Артика"" Поточная аудитория 4 этажа";"Теория и практика многопоточной синхронизации#Липовский Р.#""Артика"" Поточная аудитория 4 этажа";"Теория и практика многопоточной синхронизации#Липовский Р.#""Артика"" Поточная аудитория 4 этажа";"Теория и практика многопоточной синхронизации#Липовский Р.#""Артика"" Поточная аудитория 4 этажа";"Теория и практика многопоточной синхронизации#Липовский Р.#""Артика"" Поточная аудитория 4 этажа";"Теория и практика многопоточной синхронизации#Липовский Р.#""Артика"" Поточная аудитория 4 этажа";"Теория и практика многопоточной синхронизации#Липовский Р.#""Артика"" Поточная аудитория 4 этажа";##;##;##;Дифференциальные уравнения#Свирщевский С.Р.#115 КПМ;Дифференциальные уравнения#Свирщевский С.Р.#115 КПМ;Дифференциальные уравнения#Свирщевский С.Р.#115 КПМ;Дифференциальные уравнения#Свирщевский С.Р.#115 КПМ;Дифференциальные уравнения#Свирщевский С.Р.#115 КПМ
Дифференциальные уравнения#Бишаев А.М.#Б.Физ.;Дифференциальные уравнения#Бишаев А.М.#Б.Физ.;Дифференциальные уравнения#Бишаев А.М.#Б.Физ.;Дифференциальные уравнения#Бишаев А.М.#Б.Физ.;Дифференциальные уравнения#Бишаев А.М.#Б.Физ.;Дифференциальные уравнения#Бишаев А.М.#Б.Физ.;Дифференциальные уравнения#Бишаев А.М.#Б.Физ.;Дифференциальные уравнения#Бишаев А.М.#Б.Физ.;Дифференциальные уравнения#Бишаев А.М.#Б.Физ.;##;##;Общая физика: лаб.практикум#Филатов Ю.Н._Кленов С.Л.#;##;##;Общая физика: лаб.практикум#Чубич Д.А._Кобякин А.С.#;##;Дифференциальные уравнения#Умнов А.Е.#239 НК;Дифференциальные уравнения#Умнов А.Е.#239 НК;Дифференциальные уравнения#Умнов А.Е.#239 НК;Дифференциальные уравнения#Умнов А.Е.#239 НК;Дифференциальные уравнения#Умнов А.Е.#239 НК;Дифференциальные уравнения#Умнов А.Е.#239 НК;Дифференциальные уравнения#Умнов А.Е.#239 НК;Дифференциальные уравнения#Умнов А.Е.#239 НК;Дифференциальные уравнения#Умнов А.Е.#239 НК;Дифференциальные уравнения#Умнов А.Е.#239 НК;Дифференциальные уравнения#Бишаев А.М.#Б.Физ.;Дифференциальные уравнения#Бишаев А.М.#Б.Физ.;Дифференциальные уравнения#Бишаев А.М.#Б.Физ.;Дифференциальные уравнения#Умнов А.Е.#239 НК;Дифференциальные уравнения#Умнов А.Е.#239 НК;Дифференциальные уравнения#Умнов А.Е.#239 НК;Дифференциальные уравнения#Умнов А.Е.#239 НК;##;##;##;##;##;##;Общая физика: лаб.практикум#Миславский В.В._Казимиров А.А.#;##;Общая физика#Нозик А.А.#532 ГК;Общая физика: лаб.практикум#Коренев Д.П._Дьячков Н.В.#;Общая физика: лаб.практикум#Кубышкин А.В._Арсеньев А.Р.#;Общая физика#Аланакян Ю.Р.#507а ГК;##;Дифф.ур.#Лизунов А.Ю.#523 ГК;Общая физика: лаб.практикум#Смирнова О.И._Жабин С.Н.#;Гармон.анализ#Шаньков В.В.#413 ГК;Введение в электронику##;##;Дифф.ур.#Свирщевский С.Р.#409 ГК;Введение в электронику##;Введение в электронику##;Дифференциальные уравнения#Дубинская В.Ю.#Б.Хим.;Дифференциальные уравнения#Дубинская В.Ю.#Б.Хим.;Дифференциальные уравнения#Дубинская В.Ю.#Б.Хим.;Дифференциальные уравнения#Дубинская В.Ю.#Б.Хим.;Дифференциальные уравнения#Дубинская В.Ю.#Б.Хим.;Дифференциальные уравнения#Дубинская В.Ю.#Б.Хим.;Дифференциальные уравнения#Дубинская В.Ю.#Б.Хим.;Дифференциальные уравнения#Дубинская В.Ю.#Б.Хим.;Дифференциальные уравнения#Дубинская В.Ю.#Б.Хим.;Дифференциальные уравнения#Дубинская В.Ю.#Б.Хим.;Дифференциальные уравнения#Дубинская В.Ю.#Б.Хим.;##;##;##;Ин.яз##;Ин.яз##;Ин.яз##;Ин.яз##;Ин.яз##
Ин.яз.##;Ин.яз.##;Ин.яз.##;Ин.яз.##;Ин.яз.##;Ин.яз.##;Ин.яз.##;Ин.яз.##;Ин.яз.##;##;##;Общая физика: лаб.практикум#Филатов Ю.Н._Кленов С.Л.#;##;##;Общая физика: лаб.практикум#Чубич Д.А._Кобякин А.С.#;##;##;МММ##412 ГК;Общая физика#Нозик А.А.#532 ГК;Общая физика#Нозик А.А.#532 ГК;##;##;##;##;##;##;Общая физика: оптика#Гавриков А.В.#Гл.Физ.;Общая физика: оптика#Гавриков А.В.#Гл.Физ.;Общая физика: оптика#Гавриков А.В.#Гл.Физ.;Общая физика: оптика#Гавриков А.В.#Гл.Физ.;Общая физика: оптика#Гавриков А.В.#Гл.Физ.;Общая физика: оптика#Гавриков А.В.#Гл.Физ.;Общая физика: оптика#Гавриков А.В.#Гл.Физ.;##;##;##;##;##;##;Общая физика: лаб.практикум#Миславский В.В._Казимиров А.А.#;##;Гармон.анализ#Шаньков В.В.#413 ГК;Общая физика: лаб.практикум#Коренев Д.П._Дьячков Н.В.#;Общая физика: лаб.практикум#Кубышкин А.В._Арсеньев А.Р.#;##;##;##;Общая физика: лаб.практикум#Смирнова О.И._Жабин С.Н.#;##;Введение в электронику##;##;##;Введение в электронику##;Введение в электронику##;Дифф.ур.#Дубинская В.Ю.#418 ГК;##;##;Общая физика#Аланакян Ю.Р.#507а ГК;##;##;##;##;Дифф.ур.#Мартынов В.В.#424 ГК;Теор.ипракт.многопоточ.синхр.##702 КПМ;Теор.ипракт.многопоточ.синхр.##702 КПМ;##;##;##;Общая физика: оптика#Гавриков А.В.#Гл.Физ.;Общая физика: оптика#Гавриков А.В.#Гл.Физ.;Общая физика: оптика#Гавриков А.В.#Гл.Физ.;Общая физика: оптика#Гавриков А.В.#Гл.Физ.;Общая физика: оптика#Гавриков А.В.#Гл.Физ.
##;##;##;##;##;##;##;##;##;##;##;##;##;##;##;##;##;Доп.гл.информ.##107 ЛК;##;##;##;##;##;##;##;##;Дифф.ур.#Кальметьев Р.Ш.#413 ГК;##;##;Аналит.мех.#Муницына М.А.#411 ГК;##;##;##;##;##;##;##;##;##;##;##;##;##;##;##;Компьютерные технологии#Субботина А.Ю.#801 КПМ;##;##;##;Введение в электронику##;##;##;Введение в электронику##;Введение в электронику##;##;##;##;##;##;##;##;##;##;##;##;##;##;##;##;##;Дифф.ур.#Лизунов А.Ю.#417 ГК;##;##
##;##;##;##;##;##;##;##;##;##;##;##;##;##;##;##;##;##;##;##;##;##;##;##;##;##;##;##;##;##;##;##;##;##;##;##;##;##;##;##;##;##;##;##;##;Компьютерные технологии#Субботина А.Ю.#801 КПМ;##;##;##;##;##;##;##;##;##;##;##;Гармон.ан.#Кальметьев Р.Ш.#413 ГК;##;##;##;##;##;##;##;##;##;##;##;##;##;##;##
